locus_tag	ftype	length_bp	gene	EC_number	COG	product
OOIKDGDG_00001	CDS	282				hypothetical protein
OOIKDGDG_00002	CDS	306	GATC	6.3.5.-		Glutamyl-tRNA(Gln) amidotransferase subunit C, chloroplastic/mitochondrial
OOIKDGDG_00003	CDS	1479	gatA	6.3.5.7	COG0154	Glutamyl-tRNA(Gln) amidotransferase subunit A
OOIKDGDG_00004	CDS	1467	gatB	6.3.5.-	COG0064	Aspartyl/glutamyl-tRNA(Asn/Gln) amidotransferase subunit B
OOIKDGDG_00005	CDS	2769	pmp1			putative outer membrane protein pmp1
OOIKDGDG_00006	CDS	2895				hypothetical protein
OOIKDGDG_00007	CDS	804				hypothetical protein
OOIKDGDG_00008	CDS	1308				hypothetical protein
OOIKDGDG_00009	CDS	894				hypothetical protein
OOIKDGDG_00010	CDS	1371				hypothetical protein
OOIKDGDG_00011	CDS	726				hypothetical protein
OOIKDGDG_00012	CDS	1572				hypothetical protein
OOIKDGDG_00013	CDS	2526	pmp2			putative outer membrane protein pmp2
OOIKDGDG_00014	CDS	534				putative outer membrane protein pmp11
OOIKDGDG_00015	CDS	2241				putative outer membrane protein pmp10
OOIKDGDG_00016	CDS	1776				putative outer membrane protein pmp10
OOIKDGDG_00017	CDS	945				putative outer membrane protein pmp10
OOIKDGDG_00018	CDS	189				hypothetical protein
OOIKDGDG_00019	CDS	1485	pmp8_1			putative outer membrane protein pmp8
OOIKDGDG_00020	CDS	1188				putative outer membrane protein pmp10
OOIKDGDG_00021	CDS	2088				hypothetical protein
OOIKDGDG_00022	CDS	1707				hypothetical protein
OOIKDGDG_00023	CDS	591	maf	3.6.1.9	COG0424	dTTP/UTP pyrophosphatase
OOIKDGDG_00024	CDS	1605	ybiT		COG0488	putative ABC transporter ATP-binding protein YbiT
OOIKDGDG_00025	CDS	939	xerC		COG4973	Tyrosine recombinase XerC
OOIKDGDG_00026	CDS	924	rbn_1	3.1.-.-	COG1234	Ribonuclease BN
OOIKDGDG_00027	CDS	867				hypothetical protein
OOIKDGDG_00028	CDS	2460	lon	3.4.21.53	COG0466	Lon protease
OOIKDGDG_00029	CDS	786				hypothetical protein
OOIKDGDG_00030	CDS	369				hypothetical protein
OOIKDGDG_00031	CDS	642				hypothetical protein
OOIKDGDG_00032	CDS	177				hypothetical protein
OOIKDGDG_00033	CDS	1179	dnaJ		COG0484	Chaperone protein DnaJ
OOIKDGDG_00034	CDS	2037	dxs_1	2.2.1.7		1-deoxy-D-xylulose-5-phosphate synthase
OOIKDGDG_00035	CDS	1251				hypothetical protein
OOIKDGDG_00036	CDS	1464				hypothetical protein
OOIKDGDG_00037	CDS	741				hypothetical protein
OOIKDGDG_00038	CDS	327				hypothetical protein
OOIKDGDG_00039	CDS	1716	ptsI	2.7.3.9	COG1080	Phosphoenolpyruvate-protein phosphotransferase
OOIKDGDG_00040	CDS	291	ybaB			Nucleoid-associated protein YbaB
OOIKDGDG_00041	CDS	1329	ruvB_1	3.6.4.12		Holliday junction ATP-dependent DNA helicase RuvB
OOIKDGDG_00042	CDS	1350				hypothetical protein
OOIKDGDG_00043	CDS	783				hypothetical protein
OOIKDGDG_00044	CDS	1929				hypothetical protein
OOIKDGDG_00045	CDS	357				hypothetical protein
OOIKDGDG_00046	CDS	1725				hypothetical protein
OOIKDGDG_00047	CDS	477				hypothetical protein
OOIKDGDG_00048	CDS	153				hypothetical protein
OOIKDGDG_00049	CDS	2118				hypothetical protein
OOIKDGDG_00050	CDS	483				hypothetical protein
OOIKDGDG_00051	CDS	318				hypothetical protein
OOIKDGDG_00052	CDS	705	hemC	2.5.1.61	COG0181	Porphobilinogen deaminase
OOIKDGDG_00053	CDS	1362	radA	3.6.4.-	COG1066	DNA repair protein RadA
OOIKDGDG_00054	CDS	714	rnc	3.1.26.3	COG0571	Ribonuclease 3
OOIKDGDG_00055	CDS	465				hypothetical protein
OOIKDGDG_00056	CDS	1797	pgcA	5.4.2.2		Phosphoglucomutase
OOIKDGDG_00057	CDS	624	sodA	1.15.1.1	COG0605	Superoxide dismutase [Mn/Fe]
OOIKDGDG_00058	CDS	927	accD	2.1.3.15	COG0777	Acetyl-coenzyme A carboxylase carboxyl transferase subunit beta
OOIKDGDG_00059	CDS	438	dut	3.6.1.23		Deoxyuridine 5'-triphosphate nucleotidohydrolase
OOIKDGDG_00060	CDS	477				hypothetical protein
OOIKDGDG_00061	CDS	678				hypothetical protein
OOIKDGDG_00062	CDS	1386				hypothetical protein
OOIKDGDG_00063	CDS	234				hypothetical protein
OOIKDGDG_00064	CDS	1731				hypothetical protein
OOIKDGDG_00065	CDS	1734				hypothetical protein
OOIKDGDG_00066	CDS	1104				hypothetical protein
OOIKDGDG_00067	CDS	576				hypothetical protein
OOIKDGDG_00068	CDS	1854				hypothetical protein
OOIKDGDG_00069	tRNA	73				tRNA-Met(cat)
OOIKDGDG_00070	CDS	450				hypothetical protein
OOIKDGDG_00071	CDS	1008				hypothetical protein
OOIKDGDG_00072	CDS	222	infA		COG0361	Translation initiation factor IF-1
OOIKDGDG_00073	tRNA	72				tRNA-Thr(ggt)
OOIKDGDG_00074	CDS	1185	tuf			Elongation factor Tu
OOIKDGDG_00075	tRNA	75				tRNA-Trp(cca)
OOIKDGDG_00076	CDS	252				hypothetical protein
OOIKDGDG_00077	CDS	549	nusG		COG0250	Transcription termination/antitermination protein NusG
OOIKDGDG_00078	CDS	426	rplK			50S ribosomal protein L11
OOIKDGDG_00079	CDS	699	rplA			50S ribosomal protein L1
OOIKDGDG_00080	CDS	513	rplJ		COG0244	50S ribosomal protein L10
OOIKDGDG_00081	CDS	390	rplL			50S ribosomal protein L7/L12
OOIKDGDG_00082	CDS	3759	rpoB	2.7.7.6	COG0085	DNA-directed RNA polymerase subunit beta
OOIKDGDG_00083	CDS	4182	rpoC	2.7.7.6		DNA-directed RNA polymerase subunit beta'
OOIKDGDG_00084	CDS	984	tal	2.2.1.2		Transaldolase
OOIKDGDG_00085	CDS	393				hypothetical protein
OOIKDGDG_00086	CDS	744				hypothetical protein
OOIKDGDG_00087	CDS	627	atpE			V-type proton ATPase subunit E
OOIKDGDG_00088	CDS	801				hypothetical protein
OOIKDGDG_00089	CDS	1776	ntpA	7.2.2.1		V-type sodium ATPase catalytic subunit A
OOIKDGDG_00090	CDS	1317	ntpB			V-type sodium ATPase subunit B
OOIKDGDG_00091	CDS	630	atpD			V-type ATP synthase subunit D
OOIKDGDG_00092	CDS	1983				hypothetical protein
OOIKDGDG_00093	CDS	426				hypothetical protein
OOIKDGDG_00094	CDS	462				hypothetical protein
OOIKDGDG_00095	CDS	2823	valS	6.1.1.9	COG0525	Valine--tRNA ligase
OOIKDGDG_00096	CDS	2757	pknD_1	2.7.11.1		Serine/threonine-protein kinase PknD
OOIKDGDG_00097	CDS	5481	uvrA			UvrABC system protein A
OOIKDGDG_00098	CDS	1455	pyk	2.7.1.40		Pyruvate kinase
OOIKDGDG_00099	CDS	1404	lpxL	2.3.1.241		Lipid A biosynthesis lauroyltransferase
OOIKDGDG_00100	CDS	300				hypothetical protein
OOIKDGDG_00101	CDS	1263				hypothetical protein
OOIKDGDG_00102	CDS	795	cdaA	2.7.7.85	COG1624	Cyclic di-AMP synthase CdaA
OOIKDGDG_00103	CDS	1347				hypothetical protein
OOIKDGDG_00104	CDS	1035	appB	7.1.1.3	COG1294	Cytochrome bd-II ubiquinol oxidase subunit 2
OOIKDGDG_00105	CDS	1203				hypothetical protein
OOIKDGDG_00106	CDS	822				hypothetical protein
OOIKDGDG_00107	CDS	1287				hypothetical protein
OOIKDGDG_00108	CDS	774				hypothetical protein
OOIKDGDG_00109	CDS	558				hypothetical protein
OOIKDGDG_00110	tmRNA	423	ssrA			transfer-messenger RNA, SsrA
OOIKDGDG_00111	CDS	3132	ileS	6.1.1.5	COG0060	Isoleucine--tRNA ligase
OOIKDGDG_00112	CDS	1911				hypothetical protein
OOIKDGDG_00113	CDS	807				hypothetical protein
OOIKDGDG_00114	CDS	330				hypothetical protein
OOIKDGDG_00115	CDS	1074	prfA		COG0216	Peptide chain release factor RF1
OOIKDGDG_00116	CDS	867	prmC	2.1.1.297		Release factor glutamine methyltransferase
OOIKDGDG_00117	CDS	1347	ffh		COG0541	Signal recognition particle protein
OOIKDGDG_00118	CDS	360				hypothetical protein
OOIKDGDG_00119	CDS	1086	trmD	2.1.1.228		tRNA (guanine-N(1)-)-methyltransferase
OOIKDGDG_00120	CDS	366	rplS		COG0335	50S ribosomal protein L19
OOIKDGDG_00121	CDS	645	rnhB	3.1.26.4	COG0164	Ribonuclease HII
OOIKDGDG_00122	CDS	618	gmk	2.7.4.8	COG0194	Guanylate kinase
OOIKDGDG_00123	CDS	294				hypothetical protein
OOIKDGDG_00124	CDS	1656	metG	6.1.1.10	COG0073	Methionine--tRNA ligase
OOIKDGDG_00125	CDS	2199	recD2	3.6.4.12	COG0507	ATP-dependent RecD-like DNA helicase
OOIKDGDG_00126	CDS	1458				hypothetical protein
OOIKDGDG_00127	CDS	513				hypothetical protein
OOIKDGDG_00128	CDS	171				hypothetical protein
OOIKDGDG_00129	CDS	2259				hypothetical protein
OOIKDGDG_00130	CDS	1017	ytfF			Inner membrane protein YtfF
OOIKDGDG_00131	CDS	780				hypothetical protein
OOIKDGDG_00132	CDS	657				hypothetical protein
OOIKDGDG_00133	CDS	498				hypothetical protein
OOIKDGDG_00134	tRNA	74				tRNA-Asn(gtt)
OOIKDGDG_00135	CDS	1035				hypothetical protein
OOIKDGDG_00136	CDS	978				hypothetical protein
OOIKDGDG_00137	CDS	774				hypothetical protein
OOIKDGDG_00138	CDS	1635	groL_1		COG0459	60 kDa chaperonin
OOIKDGDG_00139	CDS	309	groS		COG0234	10 kDa chaperonin
OOIKDGDG_00140	CDS	1836	pepF1	3.4.24.-		Oligoendopeptidase F, plasmid
OOIKDGDG_00141	CDS	756			COG0327	GTP cyclohydrolase 1 type 2 
OOIKDGDG_00142	CDS	1350	hemL	5.4.3.8	COG0001	Glutamate-1-semialdehyde 2,1-aminomutase
OOIKDGDG_00143	CDS	567				hypothetical protein
OOIKDGDG_00144	CDS	441				hypothetical protein
OOIKDGDG_00145	CDS	696	rpiA	5.3.1.6		Ribose-5-phosphate isomerase A
OOIKDGDG_00146	CDS	1125	metE	2.1.1.14		5-methyltetrahydropteroyltriglutamate--homocysteine methyltransferase
OOIKDGDG_00147	CDS	2601	clpB			Chaperone protein ClpB
OOIKDGDG_00148	CDS	1596				hypothetical protein
OOIKDGDG_00149	CDS	486				hypothetical protein
OOIKDGDG_00150	CDS	450				hypothetical protein
OOIKDGDG_00151	CDS	1860	pkn1	2.7.11.1		Serine/threonine-protein kinase Pkn1
OOIKDGDG_00152	CDS	1989	ligA	6.5.1.2		DNA ligase
OOIKDGDG_00153	CDS	4614				hypothetical protein
OOIKDGDG_00154	CDS	1521	mhpA	1.14.13.127		3-(3-hydroxy-phenyl)propionate/3-hydroxycinnamic acid hydroxylase
OOIKDGDG_00155	CDS	951				hypothetical protein
OOIKDGDG_00156	CDS	2463	leuS	6.1.1.4		Leucine--tRNA ligase
OOIKDGDG_00157	CDS	1314	waaA	2.4.99.12	COG1519	3-deoxy-D-manno-octulosonic acid transferase
OOIKDGDG_00158	tRNA	75				tRNA-Met(cat)
OOIKDGDG_00159	tRNA	79				tRNA-Met(cat)
OOIKDGDG_00160	CDS	195				hypothetical protein
OOIKDGDG_00161	CDS	351				hypothetical protein
OOIKDGDG_00162	CDS	429				hypothetical protein
OOIKDGDG_00163	CDS	540				hypothetical protein
OOIKDGDG_00164	CDS	309				hypothetical protein
OOIKDGDG_00165	CDS	1668	pfp_1	2.7.1.90	COG0205	Pyrophosphate--fructose 6-phosphate 1-phosphotransferase
OOIKDGDG_00166	CDS	828				hypothetical protein
OOIKDGDG_00167	CDS	1029				hypothetical protein
OOIKDGDG_00168	CDS	372				hypothetical protein
OOIKDGDG_00169	CDS	504				hypothetical protein
OOIKDGDG_00170	CDS	588				hypothetical protein
OOIKDGDG_00171	CDS	336				hypothetical protein
OOIKDGDG_00172	CDS	303				hypothetical protein
OOIKDGDG_00173	CDS	165				hypothetical protein
OOIKDGDG_00174	CDS	795				hypothetical protein
OOIKDGDG_00175	CDS	1005	AAH1	3.5.4.2		Adenine deaminase
OOIKDGDG_00176	CDS	1269	carA	6.3.5.5		Carbamoyl-phosphate synthase small chain
OOIKDGDG_00177	CDS	741	guaB_1	1.1.1.205		Inosine-5'-monophosphate dehydrogenase
OOIKDGDG_00178	CDS	264	guaB_2	1.1.1.205		Inosine-5'-monophosphate dehydrogenase
OOIKDGDG_00179	CDS	465				hypothetical protein
OOIKDGDG_00180	CDS	381				hypothetical protein
OOIKDGDG_00181	CDS	1236				hypothetical protein
OOIKDGDG_00182	CDS	855				hypothetical protein
OOIKDGDG_00183	CDS	267				hypothetical protein
OOIKDGDG_00184	CDS	351				hypothetical protein
OOIKDGDG_00185	CDS	555				hypothetical protein
OOIKDGDG_00186	CDS	1365	accC	6.3.4.14	COG0439	Biotin carboxylase
OOIKDGDG_00187	CDS	504	accB		COG0511	Biotin carboxyl carrier protein of acetyl-CoA carboxylase
OOIKDGDG_00188	CDS	558	efp_1		COG0231	Elongation factor P
OOIKDGDG_00189	CDS	690	rpe	5.1.3.1		Ribulose-phosphate 3-epimerase
OOIKDGDG_00190	CDS	1173	smc			Chromosome partition protein Smc
OOIKDGDG_00191	CDS	801				hypothetical protein
OOIKDGDG_00192	CDS	1293				hypothetical protein
OOIKDGDG_00193	CDS	3429				hypothetical protein
OOIKDGDG_00194	CDS	1359				hypothetical protein
OOIKDGDG_00195	CDS	681	artM		COG1126	Arginine transport ATP-binding protein ArtM
OOIKDGDG_00196	CDS	654	yecS		COG0765	L-cystine transport system permease protein YecS
OOIKDGDG_00197	CDS	444	argR		COG1438	Arginine repressor
OOIKDGDG_00198	CDS	1035	tsaD	2.3.1.234	COG0533	tRNA N6-adenosine threonylcarbamoyltransferase
OOIKDGDG_00199	CDS	1599	oppA_1		COG4166	Oligopeptide-binding protein OppA
OOIKDGDG_00200	CDS	1584	oppA_2		COG4166	Oligopeptide-binding protein OppA
OOIKDGDG_00201	CDS	1308	oppA_3		COG4166	Oligopeptide-binding protein OppA
OOIKDGDG_00202	CDS	1587	dppE		COG4166	Dipeptide-binding protein DppE
OOIKDGDG_00203	CDS	945	oppB		COG0601	Oligopeptide transport system permease protein OppB
OOIKDGDG_00204	CDS	855	oppC		COG1173	Oligopeptide transport system permease protein OppC
OOIKDGDG_00205	CDS	855	oppD_1		COG0444	Oligopeptide transport ATP-binding protein OppD
OOIKDGDG_00206	CDS	789	oppF		COG4608	Oligopeptide transport ATP-binding protein OppF
OOIKDGDG_00207	CDS	798				hypothetical protein
OOIKDGDG_00208	CDS	750				hypothetical protein
OOIKDGDG_00209	CDS	1413	yflS		COG0471	Putative malate transporter YflS
OOIKDGDG_00210	CDS	1653	pfp_2	2.7.1.90	COG0205	Pyrophosphate--fructose 6-phosphate 1-phosphotransferase
OOIKDGDG_00211	CDS	240				hypothetical protein
OOIKDGDG_00212	CDS	948				hypothetical protein
OOIKDGDG_00213	CDS	297				hypothetical protein
OOIKDGDG_00214	CDS	1176				hypothetical protein
OOIKDGDG_00215	CDS	1215				hypothetical protein
OOIKDGDG_00216	CDS	1260				hypothetical protein
OOIKDGDG_00217	CDS	438				hypothetical protein
OOIKDGDG_00218	CDS	669				queuosine precursor transporter
OOIKDGDG_00219	CDS	468				hypothetical protein
OOIKDGDG_00220	CDS	1119	tgt	2.4.2.29		Queuine tRNA-ribosyltransferase
OOIKDGDG_00221	CDS	546				hypothetical protein
OOIKDGDG_00222	CDS	411				hypothetical protein
OOIKDGDG_00223	CDS	342				hypothetical protein
OOIKDGDG_00224	CDS	381				hypothetical protein
OOIKDGDG_00225	CDS	243				hypothetical protein
OOIKDGDG_00226	CDS	672				hypothetical protein
OOIKDGDG_00227	CDS	405				hypothetical protein
OOIKDGDG_00228	CDS	411	bdbC			disulfide formation protein
OOIKDGDG_00229	CDS	702				hypothetical protein
OOIKDGDG_00230	CDS	1236				hypothetical protein
OOIKDGDG_00231	CDS	681				hypothetical protein
OOIKDGDG_00232	CDS	708	fbpC	7.2.2.7		Fe(3+) ions import ATP-binding protein FbpC
OOIKDGDG_00233	tRNA	74				tRNA-Ile(gat)
OOIKDGDG_00234	tRNA	73				tRNA-Ala(tgc)
OOIKDGDG_00235	CDS	894	mtnN	3.2.2.9		5'-methylthioadenosine/S-adenosylhomocysteine nucleosidase
OOIKDGDG_00236	CDS	696				hypothetical protein
OOIKDGDG_00237	CDS	765	kdsB	2.7.7.90	COG1212	8-amino-3,8-dideoxy-manno-octulosonate cytidylyltransferase
OOIKDGDG_00238	CDS	1614	pyrG	6.3.4.2	COG0504	CTP synthase
OOIKDGDG_00239	CDS	456	yrrK	3.1.-.-	COG0816	Putative pre-16S rRNA nuclease
OOIKDGDG_00240	CDS	1539	zwf2	1.1.1.49	COG0364	Glucose-6-phosphate 1-dehydrogenase 2
OOIKDGDG_00241	CDS	777	nagB	3.5.99.6		Glucosamine-6-phosphate deaminase
OOIKDGDG_00242	CDS	1155				hypothetical protein
OOIKDGDG_00243	CDS	1155				hypothetical protein
OOIKDGDG_00244	CDS	435				hypothetical protein
OOIKDGDG_00245	CDS	426				hypothetical protein
OOIKDGDG_00246	CDS	642	adk	2.7.4.3		Adenylate kinase
OOIKDGDG_00247	CDS	858	ykfC	3.4.14.13	COG0791	Gamma-D-glutamyl-L-lysine dipeptidyl-peptidase
OOIKDGDG_00248	CDS	405	rpsI		COG0103	30S ribosomal protein S9
OOIKDGDG_00249	CDS	450	rplM		COG0102	50S ribosomal protein L13
OOIKDGDG_00250	CDS	681	lolD	3.6.3.-	COG1136	Lipoprotein-releasing system ATP-binding protein LolD
OOIKDGDG_00251	CDS	1512				hypothetical protein
OOIKDGDG_00252	CDS	159	rpmG		COG0267	50S ribosomal protein L33
OOIKDGDG_00253	CDS	1407	rimO	2.8.4.4	COG0621	Ribosomal protein S12 methylthiotransferase RimO
OOIKDGDG_00254	CDS	435				hypothetical protein
OOIKDGDG_00255	CDS	510				hypothetical protein
OOIKDGDG_00256	CDS	807				hypothetical protein
OOIKDGDG_00257	CDS	840				hypothetical protein
OOIKDGDG_00258	CDS	870				hypothetical protein
OOIKDGDG_00259	CDS	864				hypothetical protein
OOIKDGDG_00260	CDS	549				hypothetical protein
OOIKDGDG_00261	tRNA	84				tRNA-Tyr(gta)
OOIKDGDG_00262	tRNA	75				tRNA-Thr(tgt)
OOIKDGDG_00263	CDS	501				hypothetical protein
OOIKDGDG_00264	CDS	735	ttcA	2.8.1.-		tRNA-cytidine(32) 2-sulfurtransferase
OOIKDGDG_00265	CDS	837	surE	3.1.3.5		5'/3'-nucleotidase SurE
OOIKDGDG_00266	tRNA	75				tRNA-Val(tac)
OOIKDGDG_00267	tRNA	76				tRNA-Asp(gtc)
OOIKDGDG_00268	CDS	891				hypothetical protein
OOIKDGDG_00269	CDS	579	bsdB	2.5.1.129	COG0163	putative UbiX-like flavin prenyltransferase
OOIKDGDG_00270	CDS	894	COQ2	2.5.1.39		4-hydroxybenzoate polyprenyltransferase, mitochondrial
OOIKDGDG_00271	CDS	696				hypothetical protein
OOIKDGDG_00272	CDS	99				hypothetical protein
OOIKDGDG_00273	CDS	783				hypothetical protein
OOIKDGDG_00274	CDS	387				hypothetical protein
OOIKDGDG_00275	CDS	978				hypothetical protein
OOIKDGDG_00276	CDS	861	tsaC	2.7.7.87		Threonylcarbamoyl-AMP synthase
OOIKDGDG_00277	CDS	732				hypothetical protein
OOIKDGDG_00278	CDS	897				hypothetical protein
OOIKDGDG_00279	CDS	621	tmk	2.7.4.9	COG0125	Thymidylate kinase
OOIKDGDG_00280	CDS	2505	gyrA_1	5.6.2.2	COG0188	DNA gyrase subunit A
OOIKDGDG_00281	CDS	2418	gyrB_1	5.6.2.2	COG0187	DNA gyrase subunit B
OOIKDGDG_00282	CDS	348				hypothetical protein
OOIKDGDG_00283	CDS	510				hypothetical protein
OOIKDGDG_00284	CDS	819	metQ		COG1464	Methionine-binding lipoprotein MetQ
OOIKDGDG_00285	CDS	666	metP		COG2011	Methionine import system permease protein MetP
OOIKDGDG_00286	CDS	1026	metN2	3.6.3.-	COG1135	Methionine import ATP-binding protein MetN 2
OOIKDGDG_00287	CDS	1050	fbaB	4.1.2.13	COG1830	Fructose-bisphosphate aldolase class 1
OOIKDGDG_00288	CDS	1407	gadC		COG0531	Glutamate/gamma-aminobutyrate antiporter
OOIKDGDG_00289	CDS	969				hypothetical protein
OOIKDGDG_00290	CDS	498				hypothetical protein
OOIKDGDG_00291	CDS	1455				hypothetical protein
OOIKDGDG_00292	CDS	1476			COG2239	Magnesium transporter MgtE
OOIKDGDG_00293	CDS	2136				hypothetical protein
OOIKDGDG_00294	CDS	1149				hypothetical protein
OOIKDGDG_00295	CDS	1188	gltT			Proton/sodium-glutamate symport protein
OOIKDGDG_00296	CDS	1485				hypothetical protein
OOIKDGDG_00297	CDS	531				hypothetical protein
OOIKDGDG_00298	CDS	612				hypothetical protein
OOIKDGDG_00299	CDS	2778				hypothetical protein
OOIKDGDG_00300	CDS	414	glxR		COG0664	CRP-like cAMP-activated global transcriptional regulator
OOIKDGDG_00301	CDS	240	acpP		COG0236	Acyl carrier protein
OOIKDGDG_00302	CDS	747	fabG	1.1.1.100		3-oxoacyl-[acyl-carrier-protein] reductase FabG
OOIKDGDG_00303	CDS	927	fabD	2.3.1.39		Malonyl CoA-acyl carrier protein transacylase
OOIKDGDG_00304	CDS	1008	fabH	2.3.1.180	COG0332	3-oxoacyl-[acyl-carrier-protein] synthase 3
OOIKDGDG_00305	CDS	603	recR		COG0353	Recombination protein RecR
OOIKDGDG_00306	CDS	2364	bamA		COG4775	Outer membrane protein assembly factor BamA
OOIKDGDG_00307	CDS	516				hypothetical protein
OOIKDGDG_00308	CDS	1083	lpxD	2.3.1.-	COG1044	UDP-3-O-acylglucosamine N-acyltransferase
OOIKDGDG_00309	CDS	1041				hypothetical protein
OOIKDGDG_00310	CDS	1029	acoA	1.1.1.-	COG1071	Acetoin:2,6-dichlorophenolindophenol oxidoreductase subunit alpha
OOIKDGDG_00311	CDS	987		1.2.4.4	COG0022	2-oxoisovalerate dehydrogenase subunit beta
OOIKDGDG_00312	CDS	1290	pdhC_1	2.3.1.12	COG0508	Dihydrolipoyllysine-residue acetyltransferase component of pyruvate dehydrogenase complex
OOIKDGDG_00313	CDS	2475	malP	2.4.1.1	COG0058	Maltodextrin phosphorylase
OOIKDGDG_00314	CDS	366				hypothetical protein
OOIKDGDG_00315	CDS	1383	dnaA_1		COG0593	Chromosomal replication initiator protein DnaA
OOIKDGDG_00316	CDS	2388	yidC			Membrane protein insertase YidC
OOIKDGDG_00317	CDS	867	lgt	2.5.1.145	COG0682	Phosphatidylglycerol--prolipoprotein diacylglyceryl transferase
OOIKDGDG_00318	CDS	456				hypothetical protein
OOIKDGDG_00319	CDS	369	acpS	2.7.8.7	COG0736	Holo-[acyl-carrier-protein] synthase
OOIKDGDG_00320	CDS	936	trxB	1.8.1.9	COG0492	Thioredoxin reductase
OOIKDGDG_00321	CDS	1743	rpsA		COG0539	30S ribosomal protein S1
OOIKDGDG_00322	CDS	1305	nusA		COG0195	Transcription termination/antitermination protein NusA
OOIKDGDG_00323	CDS	2673	infB			Translation initiation factor IF-2
OOIKDGDG_00324	CDS	363	rbfA		COG0858	30S ribosome-binding factor
OOIKDGDG_00325	CDS	714	truB	5.4.99.25	COG0130	tRNA pseudouridine synthase B
OOIKDGDG_00326	CDS	921	ribF		COG0196	Bifunctional riboflavin kinase/FMN adenylyltransferase
OOIKDGDG_00327	CDS	1095	ychF		COG0012	Ribosome-binding ATPase YchF
OOIKDGDG_00328	CDS	1083	yscU			Yop proteins translocation protein U
OOIKDGDG_00329	CDS	2133	mxiA		COG4789	Protein MxiA
OOIKDGDG_00330	CDS	1200				hypothetical protein
OOIKDGDG_00331	CDS	444				hypothetical protein
OOIKDGDG_00332	CDS	1581	malQ	2.4.1.25	COG1640	4-alpha-glucanotransferase
OOIKDGDG_00333	CDS	270	rpmB		COG0227	50S ribosomal protein L28
OOIKDGDG_00334	CDS	1755		4.1.1.61	COG0043	4-hydroxybenzoate decarboxylase subunit C
OOIKDGDG_00335	CDS	1062	clsA	2.7.8.-		Cardiolipin synthase A
OOIKDGDG_00336	CDS	477				hypothetical protein
OOIKDGDG_00337	CDS	1740				hypothetical protein
OOIKDGDG_00338	CDS	294				hypothetical protein
OOIKDGDG_00339	CDS	516				hypothetical protein
OOIKDGDG_00340	CDS	861	folD			Bifunctional protein FolD protein
OOIKDGDG_00341	CDS	945	apbE	2.7.1.180	COG1477	FAD:protein FMN transferase
OOIKDGDG_00342	CDS	456	smpB		COG0691	SsrA-binding protein
OOIKDGDG_00343	CDS	1101	dnaN		COG0592	Beta sliding clamp
OOIKDGDG_00344	CDS	96				hypothetical protein
OOIKDGDG_00345	CDS	612	recF_1		COG1195	DNA replication and repair protein RecF
OOIKDGDG_00346	CDS	294	recF_2			DNA replication and repair protein RecF
OOIKDGDG_00347	CDS	444				hypothetical protein
OOIKDGDG_00348	CDS	564				hypothetical protein
OOIKDGDG_00349	CDS	1866				hypothetical protein
OOIKDGDG_00350	CDS	1140	dxr	1.1.1.267		1-deoxy-D-xylulose 5-phosphate reductoisomerase
OOIKDGDG_00351	CDS	975				hypothetical protein
OOIKDGDG_00352	CDS	1347	mntC		COG1108	Manganese transport system membrane protein MntC
OOIKDGDG_00353	CDS	780	mntB		COG1121	Manganese transport system ATP-binding protein MntB
OOIKDGDG_00354	CDS	972	mntA		COG0803	Manganese-binding lipoprotein MntA
OOIKDGDG_00355	CDS	507				hypothetical protein
OOIKDGDG_00356	CDS	1548	tlcA_1		COG3202	ADP,ATP carrier protein 1
OOIKDGDG_00357	CDS	1260				hypothetical protein
OOIKDGDG_00358	CDS	1344				hypothetical protein
OOIKDGDG_00359	CDS	1302				hypothetical protein
OOIKDGDG_00360	CDS	336				hypothetical protein
OOIKDGDG_00361	CDS	852				hypothetical protein
OOIKDGDG_00362	CDS	1809	lepA	3.6.5.-	COG0481	Elongation factor 4
OOIKDGDG_00363	CDS	1440	gnd	1.1.1.44	COG0362	6-phosphogluconate dehydrogenase, decarboxylating
OOIKDGDG_00364	CDS	1239	tyrS1	6.1.1.1	COG0162	Tyrosine--tRNA ligase 1
OOIKDGDG_00365	CDS	324				hypothetical protein
OOIKDGDG_00366	CDS	774	sigD		COG1191	RNA polymerase sigma-D factor
OOIKDGDG_00367	CDS	1749				hypothetical protein
OOIKDGDG_00368	tRNA	75				tRNA-Pro(tgg)
OOIKDGDG_00369	CDS	276				hypothetical protein
OOIKDGDG_00370	CDS	1035				hypothetical protein
OOIKDGDG_00371	CDS	468				hypothetical protein
OOIKDGDG_00372	CDS	738				hypothetical protein
OOIKDGDG_00373	CDS	321				hypothetical protein
OOIKDGDG_00374	CDS	1215				hypothetical protein
OOIKDGDG_00375	CDS	1116				hypothetical protein
OOIKDGDG_00376	CDS	360				hypothetical protein
OOIKDGDG_00377	CDS	318				hypothetical protein
OOIKDGDG_00378	CDS	1842	ispG	1.17.7.3		4-hydroxy-3-methylbut-2-en-1-yl diphosphate synthase (ferredoxin)
OOIKDGDG_00379	CDS	747				hypothetical protein
OOIKDGDG_00380	CDS	498				hypothetical protein
OOIKDGDG_00381	CDS	444				hypothetical protein
OOIKDGDG_00382	CDS	1095				hypothetical protein
OOIKDGDG_00383	CDS	2727	kgd	2.2.1.5	COG0508	Multifunctional 2-oxoglutarate metabolism enzyme
OOIKDGDG_00384	CDS	447				hypothetical protein
OOIKDGDG_00385	CDS	1122	hemW		COG0635	Heme chaperone HemW
OOIKDGDG_00386	CDS	1776				hypothetical protein
OOIKDGDG_00387	CDS	717	rsmI	2.1.1.198	COG0313	Ribosomal RNA small subunit methyltransferase I
OOIKDGDG_00388	CDS	936				hypothetical protein
OOIKDGDG_00389	CDS	519	hctB			Histone H1-like protein HC2
OOIKDGDG_00390	CDS	1500	pepA	3.4.11.1	COG0260	putative cytosol aminopeptidase
OOIKDGDG_00391	CDS	483				Single-stranded DNA-binding protein
OOIKDGDG_00392	CDS	501				hypothetical protein
OOIKDGDG_00393	CDS	1995	glgX	3.2.1.-	COG1523	Glycogen operon protein GlgX 
OOIKDGDG_00394	CDS	819				hypothetical protein
OOIKDGDG_00395	CDS	1014	ruvB_2	3.6.4.12	COG2255	Holliday junction ATP-dependent DNA helicase RuvB
OOIKDGDG_00396	CDS	573	dcd	3.5.4.13		dCTP deaminase
OOIKDGDG_00397	CDS	399				hypothetical protein
OOIKDGDG_00398	CDS	1236				hypothetical protein
OOIKDGDG_00399	CDS	1215				hypothetical protein
OOIKDGDG_00400	CDS	1116	iscS_1	2.8.1.7	COG1104	Cysteine desulfurase IscS
OOIKDGDG_00401	CDS	738	prpC	3.1.3.16	COG0631	Protein phosphatase PrpC
OOIKDGDG_00402	CDS	171				hypothetical protein
OOIKDGDG_00403	CDS	648				hypothetical protein
OOIKDGDG_00404	CDS	774				hypothetical protein
OOIKDGDG_00405	CDS	393				hypothetical protein
OOIKDGDG_00406	CDS	1110	mutY	3.2.2.31		Adenine DNA glycosylase
OOIKDGDG_00407	CDS	699				hypothetical protein
OOIKDGDG_00408	CDS	1020				hypothetical protein
OOIKDGDG_00409	CDS	747				hypothetical protein
OOIKDGDG_00410	CDS	900	fabI	1.3.1.9	COG0623	Enoyl-[acyl-carrier-protein] reductase [NADH] FabI
OOIKDGDG_00411	CDS	888				hypothetical protein
OOIKDGDG_00412	CDS	480				hypothetical protein
OOIKDGDG_00413	CDS	486				hypothetical protein
OOIKDGDG_00414	CDS	699	dinG_1	3.1.-.-		3'-5' exonuclease DinG
OOIKDGDG_00415	CDS	780	mqnD	4.1.-.-	COG2107	1,4-dihydroxy-6-naphtoate synthase
OOIKDGDG_00416	CDS	660				hypothetical protein
OOIKDGDG_00417	CDS	1980	btuD	7.6.2.8		Vitamin B12 import ATP-binding protein BtuD
OOIKDGDG_00418	CDS	975	accA	2.1.3.15	COG0825	Acetyl-coenzyme A carboxylase carboxyl transferase subunit alpha
OOIKDGDG_00419	CDS	1215				hypothetical protein
OOIKDGDG_00420	CDS	303	hupA		COG0776	DNA-binding protein HU 1
OOIKDGDG_00421	tRNA	76				tRNA-Arg(cct)
OOIKDGDG_00422	CDS	717	amiC	3.5.1.28	COG0860	N-acetylmuramoyl-L-alanine amidase AmiC
OOIKDGDG_00423	CDS	1452	murE	6.3.2.13	COG0769	UDP-N-acetylmuramoyl-L-alanyl-D-glutamate--2,6-diaminopimelate ligase
OOIKDGDG_00424	CDS	1962	ftsI	3.4.16.4		Peptidoglycan D,D-transpeptidase FtsI
OOIKDGDG_00425	CDS	288				hypothetical protein
OOIKDGDG_00426	CDS	894	rsmH	2.1.1.199	COG0275	Ribosomal RNA small subunit methyltransferase H
OOIKDGDG_00427	CDS	546				hypothetical protein
OOIKDGDG_00428	CDS	429				hypothetical protein
OOIKDGDG_00429	CDS	1404	dnaA_2		COG0593	Chromosomal replication initiator protein DnaA
OOIKDGDG_00430	CDS	588				hypothetical protein
OOIKDGDG_00431	CDS	579				hypothetical protein
OOIKDGDG_00432	CDS	1512	nqrB	7.2.1.1		Na(+)-translocating NADH-quinone reductase subunit B
OOIKDGDG_00433	CDS	963	nqrC	7.2.1.1		Na(+)-translocating NADH-quinone reductase subunit C
OOIKDGDG_00434	CDS	642	nqrD	7.2.1.1	COG1347	Na(+)-translocating NADH-quinone reductase subunit D
OOIKDGDG_00435	CDS	771	nqrE	7.2.1.1		Na(+)-translocating NADH-quinone reductase subunit E
OOIKDGDG_00436	CDS	336				hypothetical protein
OOIKDGDG_00437	CDS	306				hypothetical protein
OOIKDGDG_00438	CDS	348	gcvH		COG0509	Glycine cleavage system H protein
OOIKDGDG_00439	CDS	2079				hypothetical protein
OOIKDGDG_00440	CDS	1428		2.7.8.-		Cardiolipin synthase
OOIKDGDG_00441	CDS	720	lipM	2.3.1.181	COG0095	Octanoyltransferase LipM
OOIKDGDG_00442	CDS	2538	clpC			ATP-dependent Clp protease ATP-binding subunit ClpC
OOIKDGDG_00443	CDS	1086	mnmA	2.8.1.13		tRNA-specific 2-thiouridylase MnmA
OOIKDGDG_00444	CDS	528				hypothetical protein
OOIKDGDG_00445	CDS	639				hypothetical protein
OOIKDGDG_00446	CDS	951				hypothetical protein
OOIKDGDG_00447	CDS	519				hypothetical protein
OOIKDGDG_00448	CDS	1254				hypothetical protein
OOIKDGDG_00449	CDS	4224	pmp6			putative outer membrane protein pmp6
OOIKDGDG_00450	CDS	2811	pmp7			putative outer membrane protein pmp7
OOIKDGDG_00451	CDS	2793	pmp8_2			putative outer membrane protein pmp8
OOIKDGDG_00452	CDS	2787	pmp9			putative outer membrane protein pmp9
OOIKDGDG_00453	CDS	1110				hypothetical protein
OOIKDGDG_00454	CDS	1377				putative outer membrane protein pmp10
OOIKDGDG_00455	CDS	252				hypothetical protein
OOIKDGDG_00456	CDS	936				putative outer membrane protein pmp10
OOIKDGDG_00457	CDS	2787				putative outer membrane protein pmp11
OOIKDGDG_00458	CDS	1545				putative outer membrane protein pmp12
OOIKDGDG_00459	CDS	2922				putative outer membrane protein pmp13
OOIKDGDG_00460	CDS	2937				putative outer membrane protein pmp14
OOIKDGDG_00461	CDS	870				hypothetical protein
OOIKDGDG_00462	CDS	1209				hypothetical protein
OOIKDGDG_00463	CDS	1749				hypothetical protein
OOIKDGDG_00464	CDS	2055				hypothetical protein
OOIKDGDG_00465	CDS	342				hypothetical protein
OOIKDGDG_00466	CDS	852				hypothetical protein
OOIKDGDG_00467	CDS	798				hypothetical protein
OOIKDGDG_00468	CDS	2019				hypothetical protein
OOIKDGDG_00469	CDS	1170				hypothetical protein
OOIKDGDG_00470	CDS	345				hypothetical protein
OOIKDGDG_00471	CDS	2817				putative outer membrane protein pmp15
OOIKDGDG_00472	CDS	2859				putative outer membrane protein pmp16
OOIKDGDG_00473	CDS	801				hypothetical protein
OOIKDGDG_00474	CDS	924				putative outer membrane protein pmp15
OOIKDGDG_00475	CDS	1131				putative outer membrane protein pmp15
OOIKDGDG_00476	CDS	2841				putative outer membrane protein pmp18
OOIKDGDG_00477	CDS	2328				hypothetical protein
OOIKDGDG_00478	CDS	1527				hypothetical protein
OOIKDGDG_00479	CDS	1770				hypothetical protein
OOIKDGDG_00480	CDS	2163	glgB	2.4.1.18	COG0296	1,4-alpha-glucan branching enzyme GlgB
OOIKDGDG_00481	CDS	990				hypothetical protein
OOIKDGDG_00482	CDS	1266	mtaB	2.8.4.5	COG0621	Threonylcarbamoyladenosine tRNA methylthiotransferase MtaB
OOIKDGDG_00483	CDS	1419	hflX		COG2262	GTPase HflX
OOIKDGDG_00484	CDS	813	rbn_2	3.1.26.11		Ribonuclease BN
OOIKDGDG_00485	CDS	657				hypothetical protein
OOIKDGDG_00486	CDS	1611				hypothetical protein
OOIKDGDG_00487	CDS	780	artJ		COG0834	putative ABC transporter arginine-binding protein ArtJ
OOIKDGDG_00488	CDS	3102				hypothetical protein
OOIKDGDG_00489	CDS	858	aroF	2.5.1.54	COG2876	Phospho-2-dehydro-3-deoxyheptonate aldolase
OOIKDGDG_00490	CDS	195				hypothetical protein
OOIKDGDG_00491	CDS	1335				hypothetical protein
OOIKDGDG_00492	CDS	1632				hypothetical protein
OOIKDGDG_00493	CDS	333		3.9.1.-	COG0537	Purine nucleoside phosphoramidase
OOIKDGDG_00494	CDS	873				hypothetical protein
OOIKDGDG_00495	CDS	2058				hypothetical protein
OOIKDGDG_00496	CDS	1233				hypothetical protein
OOIKDGDG_00497	CDS	222				hypothetical protein
OOIKDGDG_00498	CDS	1194	dapL	2.6.1.83	COG0436	LL-diaminopimelate aminotransferase
OOIKDGDG_00499	CDS	1023				hypothetical protein
OOIKDGDG_00500	CDS	273				hypothetical protein
OOIKDGDG_00501	CDS	954				hypothetical protein
OOIKDGDG_00502	CDS	1158				hypothetical protein
OOIKDGDG_00503	CDS	1707	proS	6.1.1.15	COG0442	Proline--tRNA ligase
OOIKDGDG_00504	CDS	1161	hrcA		COG1420	Heat-inducible transcription repressor HrcA
OOIKDGDG_00505	CDS	555	grpE		COG0576	Protein GrpE
OOIKDGDG_00506	CDS	1983	dnaK			Chaperone protein DnaK
OOIKDGDG_00507	CDS	2028	rnr	3.1.13.1	COG0557	Ribonuclease R
OOIKDGDG_00508	CDS	591		3.2.2.-	COG2094	Putative 3-methyladenine DNA glycosylase
OOIKDGDG_00509	CDS	672				hypothetical protein
OOIKDGDG_00510	CDS	192				hypothetical protein
OOIKDGDG_00511	CDS	162				hypothetical protein
OOIKDGDG_00512	CDS	477	ybeY	3.1.-.-		Endoribonuclease YbeY
OOIKDGDG_00513	CDS	1164				hypothetical protein
OOIKDGDG_00514	CDS	351				hypothetical protein
OOIKDGDG_00515	CDS	1863				hypothetical protein
OOIKDGDG_00516	CDS	234				hypothetical protein
OOIKDGDG_00517	CDS	1110	mqnE	2.5.1.120	COG1060	Aminodeoxyfutalosine synthase
OOIKDGDG_00518	CDS	795	mqnA	4.2.1.151	COG1427	Chorismate dehydratase
OOIKDGDG_00519	CDS	693	menG	2.1.1.163		Demethylmenaquinone methyltransferase
OOIKDGDG_00520	CDS	1563				hypothetical protein
OOIKDGDG_00521	CDS	840				hypothetical protein
OOIKDGDG_00522	CDS	975				hypothetical protein
OOIKDGDG_00523	CDS	774	dapF	5.1.1.7	COG0253	Diaminopimelate epimerase
OOIKDGDG_00524	CDS	576	clpP1	3.4.21.92		ATP-dependent Clp protease proteolytic subunit 1
OOIKDGDG_00525	CDS	1494	glyA	2.1.2.1	COG0112	Serine hydroxymethyltransferase
OOIKDGDG_00526	CDS	771				hypothetical protein
OOIKDGDG_00527	CDS	333				hypothetical protein
OOIKDGDG_00528	CDS	1080				hypothetical protein
OOIKDGDG_00529	CDS	765				hypothetical protein
OOIKDGDG_00530	CDS	990	kdsD	5.3.1.13	COG0517	Arabinose 5-phosphate isomerase KdsD
OOIKDGDG_00531	CDS	1182	pdhC_2	2.3.1.12	COG0508	Dihydrolipoyllysine-residue acetyltransferase component of pyruvate dehydrogenase complex
OOIKDGDG_00532	CDS	1245	gltP		COG1301	Proton/glutamate-aspartate symporter
OOIKDGDG_00533	CDS	1098	lpxK	2.7.1.130		Tetraacyldisaccharide 4'-kinase
OOIKDGDG_00534	CDS	798	aviRb	2.1.1.208		23S rRNA (uridine(2479)-2'-O)-methyltransferase
OOIKDGDG_00535	CDS	828	rlmL	2.1.1.264		Ribosomal RNA large subunit methyltransferase K/L
OOIKDGDG_00536	CDS	603	ribC	2.5.1.9	COG0307	Riboflavin synthase
OOIKDGDG_00537	CDS	459	nrdR		COG1327	Transcriptional repressor NrdR
OOIKDGDG_00538	CDS	375	yocK		COG1734	General stress protein 16O
OOIKDGDG_00539	CDS	507	lspA	3.4.23.36		Lipoprotein signal peptidase
OOIKDGDG_00540	CDS	1350	alsT_1		COG1115	Amino-acid carrier protein AlsT
OOIKDGDG_00541	CDS	360				hypothetical protein
OOIKDGDG_00542	CDS	303				hypothetical protein
OOIKDGDG_00543	CDS	2844				putative outer membrane protein pmp19
OOIKDGDG_00544	CDS	5172				putative outer membrane protein pmp20
OOIKDGDG_00545	tRNA	89				tRNA-Ser(gga)
OOIKDGDG_00546	CDS	837	znuA		COG0803	High-affinity zinc uptake system binding-protein ZnuA
OOIKDGDG_00547	CDS	738	znuC	7.2.2.-	COG1121	High-affinity zinc uptake system ATP-binding protein ZnuC
OOIKDGDG_00548	CDS	882	znuB		COG1108	High-affinity zinc uptake system membrane protein ZnuB
OOIKDGDG_00549	CDS	1008	obg	3.6.5.-		GTPase Obg
OOIKDGDG_00550	CDS	255	rpmA		COG0211	50S ribosomal protein L27
OOIKDGDG_00551	CDS	321	rplU		COG0261	50S ribosomal protein L21
OOIKDGDG_00552	tRNA	75				tRNA-Phe(gaa)
OOIKDGDG_00553	CDS	531	ispF	4.6.1.12	COG0245	2-C-methyl-D-erythritol 2,4-cyclodiphosphate synthase
OOIKDGDG_00554	CDS	1044	cysJ	1.8.1.2	COG0369	Sulfite reductase [NADPH] flavoprotein alpha-component
OOIKDGDG_00555	CDS	318	rpsJ		COG0051	30S ribosomal protein S10
OOIKDGDG_00556	CDS	2085	fusA		COG0480	Elongation factor G
OOIKDGDG_00557	CDS	474	rpsG		COG0049	30S ribosomal protein S7
OOIKDGDG_00558	CDS	408	rpsL		COG0048	30S ribosomal protein S12
OOIKDGDG_00559	CDS	939				hypothetical protein
OOIKDGDG_00560	CDS	270				hypothetical protein
OOIKDGDG_00561	CDS	1938				hypothetical protein
OOIKDGDG_00562	CDS	591				hypothetical protein
OOIKDGDG_00563	CDS	1671	omcB			Large cysteine-rich periplasmic protein OmcB
OOIKDGDG_00564	CDS	273	omcA			Small cysteine-rich outer membrane protein OmcA
OOIKDGDG_00565	CDS	189				hypothetical protein
OOIKDGDG_00566	CDS	1518	gltX	6.1.1.17	COG0008	Glutamate--tRNA ligase
OOIKDGDG_00567	CDS	537				Early upstream open reading frame
OOIKDGDG_00568	CDS	1122				hypothetical protein
OOIKDGDG_00569	CDS	1767				hypothetical protein
OOIKDGDG_00570	CDS	4209	secD			Protein translocase subunit SecD
OOIKDGDG_00571	CDS	1101				hypothetical protein
OOIKDGDG_00572	CDS	786	uppS	2.5.1.-		Isoprenyl transferase
OOIKDGDG_00573	CDS	927				hypothetical protein
OOIKDGDG_00574	CDS	651	cmk	2.7.4.25	COG0283	Cytidylate kinase
OOIKDGDG_00575	CDS	639	aas_1	6.2.1.20		Bifunctional protein Aas
OOIKDGDG_00576	CDS	1686	argS	6.1.1.19	COG0018	Arginine--tRNA ligase
OOIKDGDG_00577	CDS	1377	murA1	2.5.1.7	COG0766	UDP-N-acetylglucosamine 1-carboxyvinyltransferase 1
OOIKDGDG_00578	CDS	2268				hypothetical protein
OOIKDGDG_00579	CDS	717	yebC		COG0217	putative transcriptional regulatory protein YebC
OOIKDGDG_00580	CDS	555				hypothetical protein
OOIKDGDG_00581	CDS	516				hypothetical protein
OOIKDGDG_00582	CDS	762	prfB			Peptide chain release factor 2
OOIKDGDG_00583	CDS	264				hypothetical protein
OOIKDGDG_00584	CDS	963	lpxG	3.6.1.-	COG1408	UDP-2,3-diacylglucosamine pyrophosphatase LpxG
OOIKDGDG_00585	CDS	636	ispD	2.7.7.60	COG1211	2-C-methyl-D-erythritol 4-phosphate cytidylyltransferase
OOIKDGDG_00586	CDS	804	truA	5.4.99.12	COG0101	tRNA pseudouridine synthase A
OOIKDGDG_00587	CDS	693	gph	3.1.3.18		Phosphoglycolate phosphatase
OOIKDGDG_00588	CDS	678				hypothetical protein
OOIKDGDG_00589	tRNA	85				tRNA-Leu(caa)
OOIKDGDG_00590	CDS	321				hypothetical protein
OOIKDGDG_00591	CDS	1095	rcsC	2.7.13.3		Sensor histidine kinase RcsC
OOIKDGDG_00592	CDS	1956				hypothetical protein
OOIKDGDG_00593	CDS	1161	atoC		COG2204	Regulatory protein AtoC
OOIKDGDG_00594	tRNA	74				tRNA-Arg(tcg)
OOIKDGDG_00595	CDS	687	hpf			Ribosome hibernation promoting factor
OOIKDGDG_00596	CDS	546				hypothetical protein
OOIKDGDG_00597	CDS	759	recO			DNA repair protein RecO
OOIKDGDG_00598	CDS	600				hypothetical protein
OOIKDGDG_00599	tRNA	84				tRNA-Leu(gag)
OOIKDGDG_00600	CDS	651				hypothetical protein
OOIKDGDG_00601	CDS	312	yidD			Putative membrane protein insertion efficiency factor
OOIKDGDG_00602	CDS	1089				hypothetical protein
OOIKDGDG_00603	CDS	2379	pheT	6.1.1.20	COG0072	Phenylalanine--tRNA ligase beta subunit
OOIKDGDG_00604	CDS	972				hypothetical protein
OOIKDGDG_00605	CDS	522	ogt	2.1.1.63		Methylated-DNA--protein-cysteine methyltransferase
OOIKDGDG_00606	CDS	1740				hypothetical protein
OOIKDGDG_00607	CDS	1482				hypothetical protein
OOIKDGDG_00608	CDS	2124				hypothetical protein
OOIKDGDG_00609	CDS	267				hypothetical protein
OOIKDGDG_00610	CDS	198				hypothetical protein
OOIKDGDG_00611	CDS	321				hypothetical protein
OOIKDGDG_00612	CDS	1005				hypothetical protein
OOIKDGDG_00613	CDS	1044	hemH	4.99.1.1	COG0276	Ferrochelatase
OOIKDGDG_00614	CDS	753	glnH		COG0834	Glutamine-binding periplasmic protein
OOIKDGDG_00615	CDS	561	rsmD	2.1.1.171	COG0742	Ribosomal RNA small subunit methyltransferase D
OOIKDGDG_00616	CDS	768				hypothetical protein
OOIKDGDG_00617	CDS	1326	glgC	2.7.7.27	COG0448	Glucose-1-phosphate adenylyltransferase
OOIKDGDG_00618	CDS	633	pyrE	2.4.2.10		Orotate phosphoribosyltransferase
OOIKDGDG_00619	CDS	285				hypothetical protein
OOIKDGDG_00620	CDS	1395	rho	3.6.4.-	COG1158	Transcription termination factor Rho
OOIKDGDG_00621	CDS	609	coaE	2.7.1.24	COG0237	Dephospho-CoA kinase
OOIKDGDG_00622	CDS	2613	polA	2.7.7.7		DNA polymerase I
OOIKDGDG_00623	CDS	1002				hypothetical protein
OOIKDGDG_00624	CDS	1623	tlcA_2		COG3202	ADP,ATP carrier protein 1
OOIKDGDG_00625	CDS	507	pgsA_1	2.7.8.5		CDP-diacylglycerol--glycerol-3-phosphate 3-phosphatidyltransferase
OOIKDGDG_00626	tRNA	88				tRNA-Ser(gct)
OOIKDGDG_00627	CDS	1407	dnaC	3.6.4.12	COG0305	Replicative DNA helicase
OOIKDGDG_00628	CDS	1836	mnmG		COG0445	tRNA uridine 5-carboxymethylaminomethyl modification enzyme MnmG
OOIKDGDG_00629	CDS	708	lplA	6.3.1.20		Lipoate-protein ligase A
OOIKDGDG_00630	CDS	435	ndk	2.7.4.6	COG0105	Nucleoside diphosphate kinase
OOIKDGDG_00631	CDS	624	ruvA	3.6.4.12	COG0632	Holliday junction ATP-dependent DNA helicase RuvA
OOIKDGDG_00632	CDS	507	ruvC	3.1.22.4		Crossover junction endodeoxyribonuclease RuvC
OOIKDGDG_00633	CDS	963				hypothetical protein
OOIKDGDG_00634	tRNA	85				tRNA-Leu(taa)
OOIKDGDG_00635	CDS	834				hypothetical protein
OOIKDGDG_00636	CDS	1008	gap	1.2.1.12	COG0057	Glyceraldehyde-3-phosphate dehydrogenase
OOIKDGDG_00637	CDS	429	rplQ		COG0203	50S ribosomal protein L17
OOIKDGDG_00638	CDS	1125	rpoA	2.7.7.6	COG0202	DNA-directed RNA polymerase subunit alpha
OOIKDGDG_00639	CDS	402	rpsK			30S ribosomal protein S11
OOIKDGDG_00640	CDS	369	rpsM		COG0099	30S ribosomal protein S13
OOIKDGDG_00641	CDS	1374	secY		COG0201	Protein translocase subunit SecY
OOIKDGDG_00642	CDS	435	rplO		COG0200	50S ribosomal protein L15
OOIKDGDG_00643	CDS	498	rpsE			30S ribosomal protein S5
OOIKDGDG_00644	CDS	372	rplR		COG0256	50S ribosomal protein L18
OOIKDGDG_00645	CDS	552	rplF			50S ribosomal protein L6
OOIKDGDG_00646	CDS	402	rpsH		COG0096	30S ribosomal protein S8
OOIKDGDG_00647	CDS	543	rplE			50S ribosomal protein L5
OOIKDGDG_00648	CDS	336				hypothetical protein
OOIKDGDG_00649	CDS	369	rplN			50S ribosomal protein L14
OOIKDGDG_00650	CDS	261	rpsQ		COG0186	30S ribosomal protein S17
OOIKDGDG_00651	CDS	219				hypothetical protein
OOIKDGDG_00652	CDS	417	rplP		COG0197	50S ribosomal protein L16
OOIKDGDG_00653	CDS	672	rpsC		COG0092	30S ribosomal protein S3
OOIKDGDG_00654	CDS	336	rplV		COG0091	50S ribosomal protein L22
OOIKDGDG_00655	CDS	267	rpsS		COG0185	30S ribosomal protein S19
OOIKDGDG_00656	CDS	855	rplB		COG0090	50S ribosomal protein L2
OOIKDGDG_00657	CDS	336				hypothetical protein
OOIKDGDG_00658	CDS	675	rplD			50S ribosomal protein L4
OOIKDGDG_00659	CDS	660	rplC		COG0087	50S ribosomal protein L3
OOIKDGDG_00660	CDS	1002				hypothetical protein
OOIKDGDG_00661	CDS	966	fmt	2.1.2.9	COG0223	Methionyl-tRNA formyltransferase
OOIKDGDG_00662	CDS	840	lpxA	2.3.1.129		Acyl-[acyl-carrier-protein]--UDP-N-acetylglucosamine O-acyltransferase
OOIKDGDG_00663	CDS	462	fabZ	4.2.1.59	COG0764	3-hydroxyacyl-[acyl-carrier-protein] dehydratase FabZ
OOIKDGDG_00664	CDS	849	lpxC	3.5.1.108	COG0774	UDP-3-O-acyl-N-acetylglucosamine deacetylase
OOIKDGDG_00665	CDS	1626	lnt	2.3.1.269		Apolipoprotein N-acyltransferase
OOIKDGDG_00666	CDS	468				hypothetical protein
OOIKDGDG_00667	CDS	750	dinG_2	3.1.-.-		3'-5' exonuclease DinG
OOIKDGDG_00668	CDS	426	tsaE		COG0802	tRNA threonylcarbamoyladenosine biosynthesis protein TsaE
OOIKDGDG_00669	CDS	717				hypothetical protein
OOIKDGDG_00670	tRNA	84				tRNA-Leu(cag)
OOIKDGDG_00671	CDS	309	trxA		COG0526	Thioredoxin
OOIKDGDG_00672	CDS	471	trmL	2.1.1.207	COG0219	tRNA (cytidine(34)-2'-O)-methyltransferase
OOIKDGDG_00673	CDS	777	fkpA	5.2.1.8	COG0545	putative FKBP-type peptidyl-prolyl cis-trans isomerase FkpA
OOIKDGDG_00674	CDS	1755	aspS	6.1.1.23	COG0173	Aspartate--tRNA(Asp/Asn) ligase
OOIKDGDG_00675	CDS	1293	hisS	6.1.1.21	COG0124	Histidine--tRNA ligase
OOIKDGDG_00676	CDS	204				hypothetical protein
OOIKDGDG_00677	CDS	1368	uhpC		COG2271	Membrane sensor protein UhpC
OOIKDGDG_00678	CDS	3723	dnaE	2.7.7.7	COG0587	DNA polymerase III subunit alpha
OOIKDGDG_00679	CDS	885				hypothetical protein
OOIKDGDG_00680	CDS	957	cpoB			Cell division coordinator CpoB
OOIKDGDG_00681	CDS	600				hypothetical protein
OOIKDGDG_00682	CDS	435	rsbW	2.7.11.1		Serine-protein kinase RsbW
OOIKDGDG_00683	CDS	429				hypothetical protein
OOIKDGDG_00684	CDS	1311				hypothetical protein
OOIKDGDG_00685	CDS	180				hypothetical protein
OOIKDGDG_00686	CDS	1095	rsmB	2.1.1.176		Ribosomal RNA small subunit methyltransferase B
OOIKDGDG_00687	CDS	1155				hypothetical protein
OOIKDGDG_00688	CDS	1170				hypothetical protein
OOIKDGDG_00689	CDS	1149				hypothetical protein
OOIKDGDG_00690	CDS	642				hypothetical protein
OOIKDGDG_00691	CDS	1209	pgk	2.7.2.3	COG0126	Phosphoglycerate kinase
OOIKDGDG_00692	CDS	1281				hypothetical protein
OOIKDGDG_00693	CDS	675				hypothetical protein
OOIKDGDG_00694	CDS	975	oppD_2		COG0444	Oligopeptide transport ATP-binding protein OppD
OOIKDGDG_00695	CDS	975	gsiA	7.4.2.10	COG1123	Glutathione import ATP-binding protein GsiA
OOIKDGDG_00696	CDS	201				hypothetical protein
OOIKDGDG_00697	CDS	861	parB		COG1475	putative chromosome-partitioning protein ParB
OOIKDGDG_00698	CDS	654				hypothetical protein
OOIKDGDG_00699	CDS	141				hypothetical protein
OOIKDGDG_00700	CDS	759				hypothetical protein
OOIKDGDG_00701	CDS	1221	sufS	2.8.1.7	COG0520	Cysteine desulfurase
OOIKDGDG_00702	CDS	1266				hypothetical protein
OOIKDGDG_00703	CDS	771	sufC		COG0396	putative ATP-dependent transporter SufC
OOIKDGDG_00704	CDS	1455	sufB		COG0719	FeS cluster assembly protein SufB
OOIKDGDG_00705	CDS	1020	bepA	3.4.-.-		Beta-barrel assembly-enhancing protease
OOIKDGDG_00706	CDS	3273	mrdA	3.4.16.4		Peptidoglycan D,D-transpeptidase MrdA
OOIKDGDG_00707	CDS	1170	ompA			Major outer membrane porin
OOIKDGDG_00708	tRNA	71				tRNA-Gly(tcc)
OOIKDGDG_00709	CDS	879	rpsB			30S ribosomal protein S2
OOIKDGDG_00710	CDS	849	tsf			Elongation factor Ts
OOIKDGDG_00711	CDS	747	pyrH	2.7.4.22	COG0528	Uridylate kinase
OOIKDGDG_00712	CDS	543	frr		COG0233	Ribosome-recycling factor
OOIKDGDG_00713	tRNA	77				tRNA-Glu(ttc)
OOIKDGDG_00714	tRNA	73				tRNA-Lys(ttt)
OOIKDGDG_00715	CDS	516				hypothetical protein
OOIKDGDG_00716	CDS	1077	mcsB	2.7.14.1	COG3869	Protein-arginine kinase
OOIKDGDG_00717	tRNA	76				tRNA-Thr(cgt)
OOIKDGDG_00718	CDS	2760	sctC_1			Type 3 secretion system secretin
OOIKDGDG_00719	CDS	1509	pknD_2	2.7.11.1		Serine/threonine-protein kinase PknD
OOIKDGDG_00720	CDS	1116				hypothetical protein
OOIKDGDG_00721	CDS	843				putative protein CT_671
OOIKDGDG_00722	CDS	507				hypothetical protein
OOIKDGDG_00723	CDS	1329	yscN	7.1.2.2		putative ATP synthase YscN
OOIKDGDG_00724	CDS	675				hypothetical protein
OOIKDGDG_00725	CDS	450				hypothetical protein
OOIKDGDG_00726	CDS	255				putative protein CT_666
OOIKDGDG_00727	CDS	249				hypothetical protein
OOIKDGDG_00728	CDS	2538				hypothetical protein
OOIKDGDG_00729	CDS	393				hypothetical protein
OOIKDGDG_00730	CDS	1020	hemA	1.2.1.70		Glutamyl-tRNA reductase
OOIKDGDG_00731	CDS	1809	gyrB_2	5.6.2.2	COG0187	DNA gyrase subunit B
OOIKDGDG_00732	CDS	1437	gyrA_2	5.6.2.2	COG0188	DNA gyrase subunit A
OOIKDGDG_00733	CDS	300				hypothetical protein
OOIKDGDG_00734	CDS	321				hypothetical protein
OOIKDGDG_00735	CDS	978	rluD	5.4.99.23	COG0564	Ribosomal large subunit pseudouridine synthase D
OOIKDGDG_00736	CDS	237				hypothetical protein
OOIKDGDG_00737	tRNA	73				tRNA-Arg(tct)
OOIKDGDG_00738	CDS	810	kdsA	2.5.1.55	COG2877	2-dehydro-3-deoxyphosphooctonate aldolase
OOIKDGDG_00739	CDS	489				hypothetical protein
OOIKDGDG_00740	CDS	723	lptB	3.6.3.-	COG1137	Lipopolysaccharide export system ATP-binding protein LptB
OOIKDGDG_00741	CDS	825				hypothetical protein
OOIKDGDG_00742	CDS	228				hypothetical protein
OOIKDGDG_00743	CDS	2496				hypothetical protein
OOIKDGDG_00744	CDS	2619				hypothetical protein
OOIKDGDG_00745	CDS	1956				hypothetical protein
OOIKDGDG_00746	CDS	1269				hypothetical protein
OOIKDGDG_00747	CDS	1644	murJ			lipid II flippase MurJ
OOIKDGDG_00748	CDS	882	nfo	3.1.21.2	COG0648	Endonuclease 4
OOIKDGDG_00749	CDS	630	rpsD			30S ribosomal protein S4
OOIKDGDG_00750	CDS	975				hypothetical protein
OOIKDGDG_00751	CDS	669	udk	2.7.1.48		Uridine kinase
OOIKDGDG_00752	CDS	1698	lplT			Lysophospholipid transporter LplT
OOIKDGDG_00753	CDS	2886	recC	3.1.11.5		RecBCD enzyme subunit RecC
OOIKDGDG_00754	CDS	3153	recB	3.1.11.5		RecBCD enzyme subunit RecB
OOIKDGDG_00755	CDS	1014				hypothetical protein
OOIKDGDG_00756	CDS	1188	aspC	2.6.1.1	COG1448	Aspartate aminotransferase
OOIKDGDG_00757	tRNA	75				tRNA-Ala(ggc)
OOIKDGDG_00758	CDS	444				hypothetical protein
OOIKDGDG_00759	CDS	1404	nqrA	7.2.1.1	COG1726	Na(+)-translocating NADH-quinone reductase subunit A
OOIKDGDG_00760	CDS	999	hemB	4.2.1.24	COG0113	Delta-aminolevulinic acid dehydratase
OOIKDGDG_00761	CDS	1596	thyX	2.1.1.148		Flavin-dependent thymidylate synthase
OOIKDGDG_00762	CDS	90				hypothetical protein
OOIKDGDG_00763	tRNA	74				tRNA-Pro(ggg)
OOIKDGDG_00764	CDS	870		2.5.1.10		Farnesyl diphosphate synthase
OOIKDGDG_00765	CDS	627	glmU	2.7.7.23		Bifunctional protein GlmU
OOIKDGDG_00766	CDS	708	chxR			Atypical response regulator protein ChxR
OOIKDGDG_00767	CDS	1830				hypothetical protein
OOIKDGDG_00768	CDS	1482	recD	3.1.11.5		RecBCD enzyme subunit RecD
OOIKDGDG_00769	CDS	849				hypothetical protein
OOIKDGDG_00770	CDS	300				hypothetical protein
OOIKDGDG_00771	CDS	1206				hypothetical protein
OOIKDGDG_00772	CDS	1713	sigA		COG0568	RNA polymerase sigma factor SigA
OOIKDGDG_00773	CDS	405				hypothetical protein
OOIKDGDG_00774	CDS	1353				hypothetical protein
OOIKDGDG_00775	CDS	561				hypothetical protein
OOIKDGDG_00776	CDS	741	fbiB	6.3.2.34		Bifunctional F420 biosynthesis protein FbiB
OOIKDGDG_00777	CDS	675		1.-.-.-	COG5424	putative oxidoreductase CT_610
OOIKDGDG_00778	CDS	1062	recA		COG0468	Protein RecA
OOIKDGDG_00779	CDS	543		6.3.3.2	COG0212	5-formyltetrahydrofolate cyclo-ligase
OOIKDGDG_00780	CDS	1287				hypothetical protein
OOIKDGDG_00781	CDS	585				hypothetical protein
OOIKDGDG_00782	CDS	1392				hypothetical protein
OOIKDGDG_00783	CDS	297				hypothetical protein
OOIKDGDG_00784	CDS	1008	dusB	1.3.1.-		tRNA-dihydrouridine synthase B
OOIKDGDG_00785	CDS	2616	topA	5.6.2.1		DNA topoisomerase 1
OOIKDGDG_00786	CDS	795				hypothetical protein
OOIKDGDG_00787	CDS	1323	rpoN		COG1508	RNA polymerase sigma-54 factor
OOIKDGDG_00788	CDS	1920	pcrA	3.6.4.12	COG0210	ATP-dependent DNA helicase PcrA
OOIKDGDG_00789	CDS	711	ung	3.2.2.27	COG0692	Uracil-DNA glycosylase
OOIKDGDG_00790	CDS	234				hypothetical protein
OOIKDGDG_00791	CDS	621		3.6.1.66	COG0127	dITP/XTP pyrophosphatase
OOIKDGDG_00792	CDS	1245				hypothetical protein
OOIKDGDG_00793	CDS	1581	groL_2		COG0459	60 kDa chaperonin
OOIKDGDG_00794	tRNA	74				tRNA-Arg(acg)
OOIKDGDG_00795	CDS	591	ahpC	1.11.1.15	COG0450	Alkyl hydroperoxide reductase C
OOIKDGDG_00796	CDS	390				hypothetical protein
OOIKDGDG_00797	CDS	618				hypothetical protein
OOIKDGDG_00798	CDS	579	pal			Peptidoglycan-associated lipoprotein
OOIKDGDG_00799	CDS	1296	tolB			Tol-Pal system protein TolB
OOIKDGDG_00800	CDS	789				hypothetical protein
OOIKDGDG_00801	CDS	408				hypothetical protein
OOIKDGDG_00802	CDS	699	exbB		COG0811	Biopolymer transport protein ExbB
OOIKDGDG_00803	CDS	2145	dsbD	1.8.1.8		Thiol:disulfide interchange protein DsbD
OOIKDGDG_00804	CDS	786	dtd3	3.1.1.96		D-aminoacyl-tRNA deacylase
OOIKDGDG_00805	CDS	894				hypothetical protein
OOIKDGDG_00806	CDS	1881	frdA	1.3.5.4		Fumarate reductase flavoprotein subunit
OOIKDGDG_00807	CDS	774				hypothetical protein
OOIKDGDG_00808	CDS	2892				hypothetical protein
OOIKDGDG_00809	CDS	1815				hypothetical protein
OOIKDGDG_00810	CDS	1908				hypothetical protein
OOIKDGDG_00811	CDS	834				hypothetical protein
OOIKDGDG_00812	CDS	1137				hypothetical protein
OOIKDGDG_00813	CDS	1947				hypothetical protein
OOIKDGDG_00814	CDS	1098				hypothetical protein
OOIKDGDG_00815	CDS	1014				hypothetical protein
OOIKDGDG_00816	CDS	1050				hypothetical protein
OOIKDGDG_00817	CDS	1287	eno	4.2.1.11		Enolase
OOIKDGDG_00818	CDS	1974	uvrB			UvrABC system protein B
OOIKDGDG_00819	CDS	1035	trpS	6.1.1.2	COG0180	Tryptophan--tRNA ligase
OOIKDGDG_00820	CDS	555				Protein/CP_1068/CPj0803/CpB0832
OOIKDGDG_00821	CDS	753				hypothetical protein
OOIKDGDG_00822	CDS	768	soj	3.6.-.-	COG1192	Sporulation initiation inhibitor protein Soj
OOIKDGDG_00823	CDS	1908	thrZ	6.1.1.3	COG0441	Threonine--tRNA ligase 2
OOIKDGDG_00824	CDS	912				S-adenosylmethionine/S-adenosylhomocysteine transporter
OOIKDGDG_00825	CDS	1335				hypothetical protein
OOIKDGDG_00826	CDS	1482				hypothetical protein
OOIKDGDG_00827	CDS	363				hypothetical protein
OOIKDGDG_00828	CDS	696				hypothetical protein
OOIKDGDG_00829	CDS	1743	mutL			DNA mismatch repair protein MutL
OOIKDGDG_00830	CDS	1068		3.4.11.18		Methionine aminopeptidase 1, mitochondrial
OOIKDGDG_00831	CDS	1311				hypothetical protein
OOIKDGDG_00832	CDS	2265	sctC_2			Type 3 secretion system secretin
OOIKDGDG_00833	CDS	1491	epsE		COG2804	Type II secretion system protein E
OOIKDGDG_00834	CDS	1176	epsF		COG1459	Type II secretion system protein F
OOIKDGDG_00835	CDS	372				hypothetical protein
OOIKDGDG_00836	CDS	435				hypothetical protein
OOIKDGDG_00837	CDS	543				hypothetical protein
OOIKDGDG_00838	CDS	1005				hypothetical protein
OOIKDGDG_00839	CDS	477				hypothetical protein
OOIKDGDG_00840	CDS	870	spaR		COG4791	Surface presentation of antigens protein SpaR
OOIKDGDG_00841	CDS	288				hypothetical protein
OOIKDGDG_00842	CDS	921				hypothetical protein
OOIKDGDG_00843	CDS	702	yscL			Yop proteins translocation protein L
OOIKDGDG_00844	CDS	834				hypothetical protein
OOIKDGDG_00845	CDS	924				hypothetical protein
OOIKDGDG_00846	CDS	420				hypothetical protein
OOIKDGDG_00847	CDS	519				hypothetical protein
OOIKDGDG_00848	CDS	171				hypothetical protein
OOIKDGDG_00849	CDS	924	lipA	2.8.1.8		Lipoyl synthase
OOIKDGDG_00850	CDS	1386	pdhD	1.8.1.4		Dihydrolipoyl dehydrogenase
OOIKDGDG_00851	CDS	465				hypothetical protein
OOIKDGDG_00852	CDS	3648				hypothetical protein
OOIKDGDG_00853	CDS	1239	brnQ		COG1114	Branched-chain amino acid transport system 2 carrier protein
OOIKDGDG_00854	CDS	630	nth	4.2.99.18	COG0177	Endonuclease III
OOIKDGDG_00855	CDS	1329	mnmE	3.6.-.-	COG0486	tRNA modification GTPase MnmE
OOIKDGDG_00856	CDS	906	PSD2	4.1.1.65		Phosphatidylserine decarboxylase proenzyme 2
OOIKDGDG_00857	CDS	1326				hypothetical protein
OOIKDGDG_00858	CDS	210				hypothetical protein
OOIKDGDG_00859	CDS	2913	secA			Protein translocase subunit SecA
OOIKDGDG_00860	CDS	201				hypothetical protein
OOIKDGDG_00861	CDS	1464	der		COG1160	GTPase Der
OOIKDGDG_00862	CDS	1233	cca	2.7.7.72		CCA-adding enzyme
OOIKDGDG_00863	CDS	1266	clpX		COG1219	ATP-dependent Clp protease ATP-binding subunit ClpX
OOIKDGDG_00864	CDS	612	clpP	3.4.21.92	COG0740	ATP-dependent Clp protease proteolytic subunit
OOIKDGDG_00865	CDS	1329	tig	5.2.1.8	COG0544	Trigger factor
OOIKDGDG_00866	tRNA	72				tRNA-Gly(gcc)
OOIKDGDG_00867	CDS	3501	rapA	3.6.4.-		RNA polymerase-associated protein RapA
OOIKDGDG_00868	CDS	1101	mreB		COG1077	Cell shape-determining protein MreB
OOIKDGDG_00869	CDS	1803	pckG	4.1.1.32	COG1274	Phosphoenolpyruvate carboxykinase [GTP]
OOIKDGDG_00870	CDS	2301				hypothetical protein
OOIKDGDG_00871	CDS	1170				hypothetical protein
OOIKDGDG_00872	CDS	1035				hypothetical protein
OOIKDGDG_00873	CDS	1005	gpsA	1.1.1.94		Glycerol-3-phosphate dehydrogenase [NAD(P)+]
OOIKDGDG_00874	CDS	1386		2.7.7.-		putative uridylyltransferase
OOIKDGDG_00875	CDS	369				hypothetical protein
OOIKDGDG_00876	CDS	1302	ssaN	7.1.2.2	COG1157	putative secretion system apparatus ATP synthase SsaN
OOIKDGDG_00877	CDS	537				hypothetical protein
OOIKDGDG_00878	CDS	1026				hypothetical protein
OOIKDGDG_00879	CDS	801				hypothetical protein
OOIKDGDG_00880	CDS	1155	iscS_2	2.8.1.7		Cysteine desulfurase IscS
OOIKDGDG_00881	CDS	687	gpmA	5.4.2.11		2,3-bisphosphoglycerate-dependent phosphoglycerate mutase
OOIKDGDG_00882	CDS	708	rluB	5.4.99.22	COG1187	Ribosomal large subunit pseudouridine synthase B
OOIKDGDG_00883	CDS	528				hypothetical protein
OOIKDGDG_00884	CDS	579	birA	6.3.4.15	COG0340	Bifunctional ligase/repressor BirA
OOIKDGDG_00885	CDS	1140	mrdB	2.4.1.129	COG0772	Peptidoglycan glycosyltransferase MrdB
OOIKDGDG_00886	CDS	1977	cadA	3.6.3.3		putative cadmium-transporting ATPase
OOIKDGDG_00887	CDS	747				hypothetical protein
OOIKDGDG_00888	CDS	1284	serS	6.1.1.11	COG0172	Serine--tRNA ligase
OOIKDGDG_00889	CDS	1131	ribD		COG0117	Riboflavin biosynthesis protein RibD
OOIKDGDG_00890	CDS	1257	ribBA		COG0108	Riboflavin biosynthesis protein RibBA
OOIKDGDG_00891	CDS	465	ribH	2.5.1.78	COG0054	6,7-dimethyl-8-ribityllumazine synthase
OOIKDGDG_00892	CDS	1362				hypothetical protein
OOIKDGDG_00893	CDS	654				hypothetical protein
OOIKDGDG_00894	CDS	1377	alsT_2		COG1115	Amino-acid carrier protein AlsT
OOIKDGDG_00895	CDS	453				hypothetical protein
OOIKDGDG_00896	CDS	666				hypothetical protein
OOIKDGDG_00897	CDS	798	yycJ	3.-.-.-	COG1235	Putative metallo-hydrolase YycJ
OOIKDGDG_00898	CDS	2421	ftsK		COG1674	DNA translocase FtsK
OOIKDGDG_00899	tRNA	75				tRNA-His(gtg)
OOIKDGDG_00900	rRNA	1550				16S ribosomal RNA
OOIKDGDG_00901	rRNA	2931				23S ribosomal RNA
OOIKDGDG_00902	rRNA	108				5S ribosomal RNA
OOIKDGDG_00903	CDS	546				hypothetical protein
OOIKDGDG_00904	CDS	1140				hypothetical protein
OOIKDGDG_00905	CDS	1296	nqrF	7.2.1.1	COG2871	Na(+)-translocating NADH-quinone reductase subunit F
OOIKDGDG_00906	CDS	354				hypothetical protein
OOIKDGDG_00907	CDS	1206	rlmCD	2.1.1.189	COG2265	23S rRNA (uracil-C(5))-methyltransferase RlmCD
OOIKDGDG_00908	CDS	372	hctA			Histone H1-like protein HC1
OOIKDGDG_00909	CDS	2469				hypothetical protein
OOIKDGDG_00910	CDS	1308	hemY	1.3.3.4	COG1232	Protoporphyrinogen oxidase
OOIKDGDG_00911	CDS	1377	hemN	1.3.98.3		Oxygen-independent coproporphyrinogen III oxidase
OOIKDGDG_00912	CDS	990	hemE	4.1.1.37		Uroporphyrinogen decarboxylase
OOIKDGDG_00913	CDS	3258	mfd	3.6.4.-	COG1197	Transcription-repair-coupling factor
OOIKDGDG_00914	CDS	2619	alaS	6.1.1.7	COG0013	Alanine--tRNA ligase
OOIKDGDG_00915	CDS	1998	tkt	2.2.1.1		Transketolase
OOIKDGDG_00916	CDS	882	amn	3.2.2.4	COG0775	AMP nucleosidase
OOIKDGDG_00917	CDS	573	efp_2		COG0231	Elongation factor P
OOIKDGDG_00918	CDS	222				hypothetical protein
OOIKDGDG_00919	CDS	888	cpdA	3.1.4.53		3',5'-cyclic adenosine monophosphate phosphodiesterase CpdA
OOIKDGDG_00920	CDS	1560	groL_3		COG0459	60 kDa chaperonin
OOIKDGDG_00921	tRNA	71				tRNA-Cys(gca)
OOIKDGDG_00922	CDS	1344	murF	6.3.2.10	COG0770	UDP-N-acetylmuramoyl-tripeptide--D-alanyl-D-alanine ligase
OOIKDGDG_00923	CDS	1050	mraY	2.7.8.13	COG0472	Phospho-N-acetylmuramoyl-pentapeptide-transferase
OOIKDGDG_00924	CDS	1254	murD	6.3.2.9	COG0771	UDP-N-acetylmuramoylalanine--D-glutamate ligase
OOIKDGDG_00925	CDS	702				hypothetical protein
OOIKDGDG_00926	CDS	1158	ftsW	2.4.1.129	COG0772	putative peptidoglycan glycosyltransferase FtsW
OOIKDGDG_00927	CDS	861	murG	2.4.1.227		UDP-N-acetylglucosamine--N-acetylmuramyl-(pentapeptide) pyrophosphoryl-undecaprenol N-acetylglucosamine transferase
OOIKDGDG_00928	CDS	2430	murC	6.3.2.8		UDP-N-acetylmuramate--L-alanine ligase
OOIKDGDG_00929	CDS	429				hypothetical protein
OOIKDGDG_00930	CDS	339	cutA		COG1324	Divalent-cation tolerance protein CutA
OOIKDGDG_00931	CDS	786				hypothetical protein
OOIKDGDG_00932	CDS	333	spoIIAA		COG1366	Anti-sigma F factor antagonist
OOIKDGDG_00933	CDS	1029	miaA	2.5.1.75	COG0324	tRNA dimethylallyltransferase
OOIKDGDG_00934	CDS	1062	mqnC	1.21.98.1	COG1060	Cyclic dehypoxanthine futalosine synthase
OOIKDGDG_00935	CDS	1635				hypothetical protein
OOIKDGDG_00936	CDS	402				hypothetical protein
OOIKDGDG_00937	CDS	360	rsfS			Ribosomal silencing factor RsfS
OOIKDGDG_00938	CDS	1251	fabF	2.3.1.179		3-oxoacyl-[acyl-carrier-protein] synthase 2
OOIKDGDG_00939	CDS	453				hypothetical protein
OOIKDGDG_00940	CDS	648	ppa	3.6.1.1	COG0221	Inorganic pyrophosphatase
OOIKDGDG_00941	CDS	1056	ldh	1.4.1.9		Leucine dehydrogenase
OOIKDGDG_00942	CDS	978	cysQ	3.1.3.7		3'(2'),5'-bisphosphate nucleotidase CysQ
OOIKDGDG_00943	CDS	762				hypothetical protein
OOIKDGDG_00944	CDS	1617	aas_2		COG0204	Bifunctional protein Aas
OOIKDGDG_00945	CDS	1113	bioF_1	2.3.1.47		8-amino-7-oxononanoate synthase
OOIKDGDG_00946	CDS	2250	priA	3.6.4.-	COG1198	Primosomal protein N'
OOIKDGDG_00947	CDS	678				hypothetical protein
OOIKDGDG_00948	CDS	501	dsbH	1.8.-.-	COG0526	Disulfide bond reductase DsbH
OOIKDGDG_00949	CDS	1143				hypothetical protein
OOIKDGDG_00950	CDS	1101				hypothetical protein
OOIKDGDG_00951	CDS	1110				hypothetical protein
OOIKDGDG_00952	CDS	477				hypothetical protein
OOIKDGDG_00953	CDS	1584	lysS	6.1.1.6		Lysine--tRNA ligase
OOIKDGDG_00954	CDS	1425	cysS	6.1.1.16	COG0215	Cysteine--tRNA ligase
OOIKDGDG_00955	CDS	1047				hypothetical protein
OOIKDGDG_00956	CDS	279	rnpA	3.1.26.5		Ribonuclease P protein component
OOIKDGDG_00957	CDS	138				hypothetical protein
OOIKDGDG_00958	CDS	306	rpsN		COG0199	30S ribosomal protein S14
OOIKDGDG_00959	CDS	477				hypothetical protein
OOIKDGDG_00960	CDS	471				hypothetical protein
OOIKDGDG_00961	CDS	1812	uvrC		COG0322	UvrABC system protein C
OOIKDGDG_00962	CDS	2487	mutS		COG0249	DNA mismatch repair protein MutS
OOIKDGDG_00963	CDS	1773	dnaG	2.7.7.-	COG0358	DNA primase
OOIKDGDG_00964	CDS	264				hypothetical protein
OOIKDGDG_00965	CDS	489				hypothetical protein
OOIKDGDG_00966	CDS	594				hypothetical protein
OOIKDGDG_00967	CDS	3033				hypothetical protein
OOIKDGDG_00968	CDS	567	pgsA_2	2.7.8.5		CDP-diacylglycerol--glycerol-3-phosphate 3-phosphatidyltransferase
OOIKDGDG_00969	CDS	1431	glgA	2.4.1.21	COG0297	Glycogen synthase
OOIKDGDG_00970	tRNA	74				tRNA-Gln(ttg)
OOIKDGDG_00971	CDS	558	rplY			50S ribosomal protein L25
OOIKDGDG_00972	CDS	543	pth	3.1.1.29		Peptidyl-tRNA hydrolase
OOIKDGDG_00973	CDS	339	rpsF		COG0360	30S ribosomal protein S6
OOIKDGDG_00974	CDS	249	rpsR			30S ribosomal protein S18
OOIKDGDG_00975	CDS	510	rplI		COG0359	50S ribosomal protein L9
OOIKDGDG_00976	CDS	426	ispE_1	2.7.1.148	COG1947	4-diphosphocytidyl-2-C-methyl-D-erythritol kinase
OOIKDGDG_00977	CDS	525	ispE_2	2.7.1.148		Putative 4-diphosphocytidyl-2-C-methyl-D-erythritol kinase
OOIKDGDG_00978	CDS	219				hypothetical protein
OOIKDGDG_00979	CDS	1353				hypothetical protein
OOIKDGDG_00980	CDS	2829	ptrA	3.4.24.55	COG1025	Protease 3
OOIKDGDG_00981	CDS	996				hypothetical protein
OOIKDGDG_00982	CDS	1548	rng	3.1.26.-	COG1530	Ribonuclease G
OOIKDGDG_00983	CDS	462				hypothetical protein
OOIKDGDG_00984	CDS	963	plsX	2.3.1.274		Phosphate acyltransferase
OOIKDGDG_00985	CDS	4830				putative outer membrane protein pmp21
OOIKDGDG_00986	CDS	1455				hypothetical protein
OOIKDGDG_00987	CDS	1815	lpxB	2.4.1.182		Lipid-A-disaccharide synthase
OOIKDGDG_00988	CDS	1293	pcnB	2.7.7.19	COG0617	Poly(A) polymerase I
OOIKDGDG_00989	CDS	1377	glmM	5.4.2.10	COG1109	Phosphoglucosamine mutase
OOIKDGDG_00990	CDS	1830	glmS	2.6.1.16	COG0449	Glutamine--fructose-6-phosphate aminotransferase [isomerizing]
OOIKDGDG_00991	CDS	1191	tyrP_1		COG0814	Tyrosine-specific transport protein
OOIKDGDG_00992	CDS	321				hypothetical protein
OOIKDGDG_00993	CDS	1191	tyrP_2		COG0814	Tyrosine-specific transport protein
OOIKDGDG_00994	CDS	717	ybhL		COG0670	Inner membrane protein YbhL
OOIKDGDG_00995	CDS	873	ftsY		COG0552	Signal recognition particle receptor FtsY
OOIKDGDG_00996	CDS	1161	sucC	6.2.1.5	COG0045	Succinate--CoA ligase [ADP-forming] subunit beta
OOIKDGDG_00997	CDS	882	sucD	6.2.1.5	COG0074	Succinate--CoA ligase [ADP-forming] subunit alpha
OOIKDGDG_00998	CDS	135				hypothetical protein
OOIKDGDG_00999	CDS	537				hypothetical protein
OOIKDGDG_01000	CDS	1104				hypothetical protein
OOIKDGDG_01001	CDS	1032				hypothetical protein
OOIKDGDG_01002	CDS	1032				hypothetical protein
OOIKDGDG_01003	CDS	1467	degQ	3.4.21.107	COG0265	Periplasmic pH-dependent serine endoprotease DegQ
OOIKDGDG_01004	CDS	1482	dapE	3.5.1.18		Succinyl-diaminopimelate desuccinylase
OOIKDGDG_01005	CDS	2925				hypothetical protein
OOIKDGDG_01006	CDS	1236				hypothetical protein
OOIKDGDG_01007	CDS	798				hypothetical protein
OOIKDGDG_01008	CDS	3135				hypothetical protein
OOIKDGDG_01009	CDS	1041	nrdB	1.17.4.1	COG0208	Ribonucleoside-diphosphate reductase subunit beta
OOIKDGDG_01010	tRNA	74				tRNA-Val(gac)
OOIKDGDG_01011	CDS	603				hypothetical protein
OOIKDGDG_01012	CDS	915	murB	1.3.1.98	COG0812	UDP-N-acetylenolpyruvoylglucosamine reductase
OOIKDGDG_01013	CDS	483	nusB			Transcription antitermination protein NusB
OOIKDGDG_01014	CDS	561	infC		COG0290	Translation initiation factor IF-3
OOIKDGDG_01015	CDS	195	rpmI			50S ribosomal protein L35
OOIKDGDG_01016	CDS	366	rplT			50S ribosomal protein L20
OOIKDGDG_01017	CDS	1020	pheS	6.1.1.20	COG0016	Phenylalanine--tRNA ligase alpha subunit
OOIKDGDG_01018	tRNA	85				tRNA-Ser(tga)
OOIKDGDG_01019	CDS	2046				hypothetical protein
OOIKDGDG_01020	CDS	1101				hypothetical protein
OOIKDGDG_01021	CDS	1074				hypothetical protein
OOIKDGDG_01022	CDS	960	tilS	6.3.4.19		tRNA(Ile)-lysidine synthase
OOIKDGDG_01023	CDS	2733	ftsH	3.4.24.-		ATP-dependent zinc metalloprotease FtsH
OOIKDGDG_01024	CDS	2085	pnp	2.7.7.8	COG1185	Polyribonucleotide nucleotidyltransferase
OOIKDGDG_01025	CDS	270	rpsO		COG0184	30S ribosomal protein S15
OOIKDGDG_01026	CDS	468	tadA	3.5.4.33		tRNA-specific adenosine deaminase
OOIKDGDG_01027	CDS	231				hypothetical protein
OOIKDGDG_01028	CDS	708				hypothetical protein
OOIKDGDG_01029	CDS	522				hypothetical protein
OOIKDGDG_01030	CDS	522				hypothetical protein
OOIKDGDG_01031	CDS	486				hypothetical protein
OOIKDGDG_01032	CDS	186				hypothetical protein
OOIKDGDG_01033	CDS	1287				hypothetical protein
OOIKDGDG_01034	CDS	876	map	3.4.11.18	COG0024	Methionine aminopeptidase
OOIKDGDG_01035	CDS	609				hypothetical protein
OOIKDGDG_01036	CDS	267				hypothetical protein
OOIKDGDG_01037	CDS	387				hypothetical protein
OOIKDGDG_01038	CDS	1776				hypothetical protein
OOIKDGDG_01039	CDS	1383	fumC	4.2.1.2	COG0114	Fumarate hydratase class II
OOIKDGDG_01040	CDS	1698	dauA		COG0659	C4-dicarboxylic acid transporter DauA
OOIKDGDG_01041	CDS	1263	nhaD			Na(+)/H(+) antiporter NhaD
OOIKDGDG_01042	CDS	1860				Protein CT_858
OOIKDGDG_01043	CDS	933	ispH	1.17.7.4	COG0761	4-hydroxy-3-methylbut-2-enyl diphosphate reductase
OOIKDGDG_01044	CDS	735				hypothetical protein
OOIKDGDG_01045	CDS	1494				hypothetical protein
OOIKDGDG_01046	CDS	1533				hypothetical protein
OOIKDGDG_01047	CDS	519				hypothetical protein
OOIKDGDG_01048	CDS	1455				hypothetical protein
OOIKDGDG_01049	tRNA	85				tRNA-Leu(tag)
OOIKDGDG_01050	CDS	300				hypothetical protein
OOIKDGDG_01051	CDS	900	xerD			Tyrosine recombinase XerD
OOIKDGDG_01052	CDS	1581	pgi	5.3.1.9		Glucose-6-phosphate isomerase
OOIKDGDG_01053	CDS	144				hypothetical protein
OOIKDGDG_01054	CDS	1584				hypothetical protein
OOIKDGDG_01055	CDS	987	mdh	1.1.1.37	COG0039	Malate dehydrogenase
OOIKDGDG_01056	CDS	822				hypothetical protein
OOIKDGDG_01057	CDS	1047	mnmC	2.1.1.61		tRNA 5-methylaminomethyl-2-thiouridine biosynthesis bifunctional protein MnmC
OOIKDGDG_01058	CDS	1458	aaxC		COG0531	Arginine/agmatine antiporter
OOIKDGDG_01059	CDS	588	aaxB	4.1.1.19	COG1945	Pyruvoyl-dependent arginine decarboxylase AaxB
OOIKDGDG_01060	CDS	1317	aaxA			Porin AaxA
OOIKDGDG_01061	CDS	789				hypothetical protein
OOIKDGDG_01062	CDS	1458	aroE	1.1.1.25		Shikimate dehydrogenase (NADP(+))
OOIKDGDG_01063	CDS	1143	aroB	4.2.3.4	COG0337	3-dehydroquinate synthase
OOIKDGDG_01064	CDS	1080	aroC	4.2.3.5		Chorismate synthase
OOIKDGDG_01065	CDS	474	aroK	2.7.1.71		Shikimate kinase
OOIKDGDG_01066	CDS	1338	aroA	2.5.1.19	COG0128	3-phosphoshikimate 1-carboxyvinyltransferase
OOIKDGDG_01067	CDS	672				hypothetical protein
OOIKDGDG_01068	CDS	1044	bioA	2.6.1.62	COG0161	Adenosylmethionine-8-amino-7-oxononanoate aminotransferase
OOIKDGDG_01069	CDS	660	bioD1	6.3.3.3	COG0132	ATP-dependent dethiobiotin synthetase BioD 1
OOIKDGDG_01070	CDS	1149	bioF_2	2.3.1.47		8-amino-7-oxononanoate synthase
OOIKDGDG_01071	CDS	996	bioB	2.8.1.6	COG0502	Biotin synthase
OOIKDGDG_01072	CDS	693				queuosine precursor transporter
OOIKDGDG_01073	CDS	810	phhA	1.14.16.1	COG3186	Phenylalanine-4-hydroxylase
OOIKDGDG_01074	CDS	795	dapB	1.17.1.8	COG0289	4-hydroxy-tetrahydrodipicolinate reductase
OOIKDGDG_01075	CDS	1002	asd2	1.2.1.11	COG0136	Aspartate-semialdehyde dehydrogenase 2
OOIKDGDG_01076	CDS	1323	lysC	2.7.2.4	COG0527	Lysine-sensitive aspartokinase 3
OOIKDGDG_01077	CDS	876	dapA	4.3.3.7	COG0329	4-hydroxy-tetrahydrodipicolinate synthase
OOIKDGDG_01078	CDS	756				hypothetical protein
OOIKDGDG_01079	CDS	552				hypothetical protein
OOIKDGDG_01080	CDS	2436				hypothetical protein
OOIKDGDG_01081	CDS	831				hypothetical protein
OOIKDGDG_01082	CDS	702				hypothetical protein
OOIKDGDG_01083	CDS	2103				hypothetical protein
OOIKDGDG_01084	CDS	1092				hypothetical protein
OOIKDGDG_01085	CDS	834	rsmA	2.1.1.182	COG0030	Ribosomal RNA small subunit methyltransferase A
OOIKDGDG_01086	CDS	1935	dxs_2	2.2.1.7	COG1154	1-deoxy-D-xylulose-5-phosphate synthase
OOIKDGDG_01087	CDS	258				hypothetical protein
OOIKDGDG_01088	CDS	228	xseB	3.1.11.6		Exodeoxyribonuclease 7 small subunit
OOIKDGDG_01089	CDS	1665	xseA	3.1.11.6		Exodeoxyribonuclease 7 large subunit
OOIKDGDG_01090	CDS	765	pgk/tpi		COG0126	Bifunctional PGK/TIM
OOIKDGDG_01091	CDS	171				hypothetical protein
OOIKDGDG_01092	CDS	333				hypothetical protein
OOIKDGDG_01093	CDS	615	def	3.5.1.88		Peptide deformylase
OOIKDGDG_01094	CDS	897	rnhC	3.1.26.4	COG1039	Ribonuclease HIII
OOIKDGDG_01095	CDS	432				hypothetical protein
OOIKDGDG_01096	CDS	1371				hypothetical protein
OOIKDGDG_01097	CDS	1443				hypothetical protein
OOIKDGDG_01098	CDS	870				hypothetical protein
OOIKDGDG_01099	CDS	825				hypothetical protein
OOIKDGDG_01100	tRNA	89				tRNA-Ser(cga)
